,Player,Age,Position,Nation,Value
0,Manuel Neuer,36,Goalkeeper,Germany,12600000.0
1,Sven Ulreich,33,Goalkeeper,Germany,810000.0
2,Christian Früchtl,22,Goalkeeper,Germany,540000.0
3,Lucas Hernández,26,Defender,France,45000000.0
4,Dayot Upamecano,23,Defender,France,40500000.0
5,Niklas Süle,26,Defender,Germany,31500000.0
6,Tanguy Nianzou,19,Defender,France,8100000.0
7,Alphonso Davies,21,Defender,Canada,63000000.0
8,Omar Richards,24,Defender,England,6300000.0
9,Benjamin Pavard,26,Defender,France,27000000.0
10,Josip Stanisic,22,Defender,Croatia,3600000.0
11,Bouna Sarr,30,Defender,Senegal,2700000.0
12,Joshua Kimmich,27,midfield,Germany,76500000.0
13,Marc Roca,25,midfield,Spain,6300000.0
14,Leon Goretzka,27,midfield,Germany,63000000.0
15,Marcel Sabitzer,28,midfield,Austria,19800000.0
16,Corentin Tolisso,27,midfield,France,13500000.0
17,Jamal Musiala,19,midfield,Germany,49500000.0
18,Paul Wanner,16,midfield,Germany,1800000.0
19,Malik Tillman,19,midfield,Germany,1350000.0
20,Leroy Sané,26,attack,Germany,63000000.0
21,Serge Gnabry,26,attack,Germany,63000000.0
22,Kingsley Coman,25,attack,France,54000000.0
23,Thomas Müller,32,attack,Germany,22500000.0
24,Robert Lewandowski,33,attack,Poland,45000000.0
25,Eric Maxim Choupo-Moting,33,attack,Cameroon,3150000.0
0,Gregor Kobel,24,Goalkeeper,Switzerland,18000000.0
1,Roman Bürki,31,Goalkeeper,Switzerland,1620000.0
2,Luca Unbehaun,21,Goalkeeper,Germany,1350000.0
3,Marwin Hitz,34,Goalkeeper,Switzerland,900000.0
4,Stefan Drljaca,22,Goalkeeper,Germany,180000.0
5,Manuel Akanji,26,Defender,Switzerland,27000000.0
6,Dan-Axel Zagadou,22,Defender,France,8100000.0
7,Mats Hummels,33,Defender,Germany,8100000.0
8,Marin Pongracic,24,Defender,Croatia,6750000.0
9,Soumaïla Coulibaly,18,Defender,France,675000.0
10,Raphaël Guerreiro,28,Defender,Portugal,31500000.0
11,Nico Schulz,29,Defender,Germany,5400000.0
12,Marcel Schmelzer,34,Defender,Germany,450000.0
13,Thomas Meunier,30,Defender,Belgium,8100000.0
14,Mateu Morey Bauzà,22,Defender,Spain,3600000.0
15,Felix Passlack,23,Defender,Germany,2250000.0
16,Emre Can,28,midfield,Germany,14400000.0
17,Axel Witsel,33,midfield,Belgium,3600000.0
18,Abdoulaye Kamara,17,midfield,Guinea,900000.0
19,Jude Bellingham,18,midfield,England,67500000.0
20,Mahmoud Dahoud,26,midfield,Germany,16200000.0
21,Giovanni Reyna,19,midfield,United States,37800000.0
22,Julian Brandt,25,midfield,Germany,22500000.0
23,Marco Reus,32,midfield,Germany,11700000.0
24,Reinier,20,midfield,Brazil,9000000.0
25,Thorgan Hazard,29,attack,Belgium,18000000.0
26,Marius Wolf,26,attack,Germany,4500000.0
27,Erling Haaland,21,attack,Norway,135000000.0
28,Donyell Malen,23,attack,Netherlands,24300000.0
29,Youssoufa Moukoko,17,attack,Germany,13500000.0
30,Steffen Tigges,23,attack,Germany,1350000.0
0,Péter Gulácsi,31,Goalkeeper,Hungary,9900000.0
1,Josep Martínez,23,Goalkeeper,Spain,2250000.0
2,Philipp Tschauner,36,Goalkeeper,Germany,270000.0
3,Fabian Eutinger,18,Goalkeeper,Germany,90000.0
4,Josko Gvardiol,20,Defender,Croatia,27000000.0
5,Lukas Klostermann,25,Defender,Germany,20700000.0
6,Mohamed Simakan,21,Defender,France,16200000.0
7,Willi Orbán,29,Defender,Hungary,12600000.0
8,Marcel Halstenberg,30,Defender,Germany,6300000.0
9,Nordi Mukiele,24,Defender,France,22500000.0
10,Benjamin Henrichs,25,Defender,Germany,10800000.0
11,Solomon Bonnah,18,Defender,Netherlands,675000.0
12,Tyler Adams,23,midfield,United States,15300000.0
13,Konrad Laimer,24,midfield,Austria,23400000.0
14,Amadou Haidara,24,midfield,Mali,21600000.0
15,Kevin Kampl,31,midfield,Slovenia,7200000.0
16,Sidney Raebiger,16,midfield,Germany,675000.0
17,Ben Klefisch,18,midfield,Germany,180000.0
18,Angeliño,25,midfield,Spain,27000000.0
19,Christopher Nkunku,24,midfield,France,58500000.0
20,Dani Olmo,23,midfield,Spain,40500000.0
21,Dominik Szoboszlai,21,attack,Hungary,25200000.0
22,Emil Forsberg,30,attack,Sweden,14400000.0
23,Hugo Novoa,19,attack,Spain,2700000.0
24,André Silva,26,attack,Portugal,34200000.0
25,Yussuf Poulsen,27,attack,Denmark,18900000.0
0,Lukas Hradecky,32,Goalkeeper,Finland,5400000.0
1,Andrey Lunev,30,Goalkeeper,Russia,3600000.0
2,Lennart Grill,23,Goalkeeper,Germany,900000.0
3,Niklas Lomb,28,Goalkeeper,Germany,225000.0
4,Edmond Tapsoba,23,Defender,Burkina Faso,36000000.0
5,Jonathan Tah,26,Defender,Germany,22500000.0
6,Odilon Kossounou,21,Defender,Cote d'Ivoire,18000000.0
7,Piero Hincapié,20,Defender,Ecuador,15300000.0
8,Mitchel Bakker,21,Defender,Netherlands,12600000.0
9,Daley Sinkgraven,26,Defender,Netherlands,4050000.0
10,Jeremie Frimpong,21,Defender,Netherlands,18000000.0
11,Timothy Fosu-Mensah,24,Defender,Netherlands,3600000.0
12,Julian Baumgartlinger,34,midfield,Austria,1080000.0
13,Kerem Demirbay,28,midfield,Germany,13500000.0
14,Exequiel Palacios,23,midfield,Argentina,13500000.0
15,Robert Andrich,27,midfield,Germany,11700000.0
16,Charles Aránguiz,32,midfield,Chile,4500000.0
17,Zidan Sertdemir,17,midfield,Denmark,1800000.0
18,Florian Wirtz,18,midfield,Germany,63000000.0
19,Moussa Diaby,22,attack,France,49500000.0
20,Paulinho,21,attack,Brazil,9900000.0
21,Amine Adli,21,attack,France,10800000.0
22,Karim Bellarabi,31,attack,Germany,3150000.0
23,Patrik Schick,26,attack,Czech Republic,36000000.0
24,Sardar Azmoun,27,attack,Iran,22500000.0
25,Lucas Alario,29,attack,Argentina,9000000.0
26,Iker Bravo,17,attack,Spain,900000.0
0,Koen Casteels,29,Goalkeeper,Belgium,12600000.0
1,Pavao Pervan,34,Goalkeeper,Austria,540000.0
2,Philipp Schulze,19,Goalkeeper,Germany,180000.0
3,Niklas Klinger,26,Goalkeeper,Germany,90000.0
4,Maxence Lacroix,22,Defender,France,18000000.0
5,Sebastiaan Bornauw,23,Defender,Belgium,11700000.0
6,John Anthony Brooks,29,Defender,United States,10800000.0
7,Micky van de Ven,20,Defender,Netherlands,2700000.0
8,Anselmo García McNulty,19,Defender,Ireland,270000.0
9,Paulo Otávio,27,Defender,Brazil,6300000.0
10,Jérôme Roussillon,29,Defender,France,6300000.0
11,Kevin Mbabu,26,Defender,Switzerland,10800000.0
12,William,27,Defender,Brazil,2700000.0
13,Xaver Schlager,24,midfield,Austria,24300000.0
14,Maximilian Arnold,27,midfield,Germany,15300000.0
15,Aster Vranckx,19,midfield,Belgium,9000000.0
16,Yannick Gerhardt,28,midfield,Germany,4950000.0
17,Ridle Baku,23,midfield,Germany,18000000.0
18,Kevin Paredes,18,midfield,United States,3600000.0
19,Felix Nmecha,21,midfield,Germany,900000.0
20,Renato Steffen,30,attack,Switzerland,2520000.0
21,Dodi Lukébakio,24,attack,Belgium,8100000.0
22,Luca Waldschmidt,25,attack,Germany,6300000.0
23,Maximilian Philipp,28,attack,Germany,4950000.0
24,Max Kruse,34,attack,Germany,3150000.0
25,Lukas Nmecha,23,attack,Germany,16200000.0
26,Jonas Wind,23,attack,Denmark,9000000.0
27,Bartosz Bialek,20,attack,Poland,3600000.0
0,Yann Sommer,33,Goalkeeper,Switzerland,4500000.0
1,Tobias Sippel,34,Goalkeeper,Germany,360000.0
2,Jan Olschowsky,20,Goalkeeper,Germany,270000.0
3,Jonas Kersken,21,Goalkeeper,Germany,90000.0
4,Matthias Ginter,28,Defender,Germany,21600000.0
5,Nico Elvedi,25,Defender,Switzerland,20700000.0
6,Marvin Friedrich,26,Defender,Germany,9000000.0
7,Jordan Beyer,21,Defender,Germany,2700000.0
8,Tony Jantschke,31,Defender,Germany,1080000.0
9,Mamadou Doucouré,23,Defender,France,90000.0
10,Ramy Bensebaini,26,Defender,Algeria,15300000.0
11,Luca Netz,18,Defender,Germany,4500000.0
12,Joe Scally,19,Defender,United States,7200000.0
13,Stefan Lainer,29,Defender,Austria,5400000.0
14,Christoph Kramer,31,midfield,Germany,3600000.0
15,Florian Neuhaus,25,midfield,Germany,19800000.0
16,Kouadio Koné,20,midfield,France,13500000.0
17,Lászlo Bénes,24,midfield,Slovakia,3150000.0
18,Keanan Bennetts,23,midfield,England,1170000.0
19,Lars Stindl,33,midfield,Germany,3150000.0
20,Marcus Thuram,24,attack,France,18000000.0
21,Jonas Hofmann,29,attack,Germany,14400000.0
22,Patrick Herrmann,31,attack,Germany,2250000.0
23,Conor Noß,21,attack,Ireland,360000.0
24,Alassane Plea,29,attack,France,13500000.0
25,Breel Embolo,25,attack,Switzerland,12600000.0
0,Oliver Baumann,31,Goalkeeper,Germany,4500000.0
1,Philipp Pentke,36,Goalkeeper,Germany,270000.0
2,Luca Philipp,21,Goalkeeper,Germany,270000.0
3,Nahue Noll,19,Goalkeeper,Germany,180000.0
4,Stefan Posch,24,Defender,Austria,9900000.0
5,Chris Richards,22,Defender,United States,6750000.0
6,Kevin Akpoguma,26,Defender,Nigeria,5400000.0
7,Kevin Vogt,30,Defender,Germany,3600000.0
8,Justin Che,18,Defender,United States,2700000.0
9,Havard Nordtveit,31,Defender,Norway,1350000.0
10,Ermin Bicakcic,32,Defender,Bosnia-Herzegovina,1170000.0
11,Kasim Adams,26,Defender,Ghana,1080000.0
12,Benjamin Hübner,32,Defender,Germany,900000.0
13,David Raum,23,Defender,Germany,15300000.0
14,Pavel Kaderabek,29,Defender,Czech Republic,6300000.0
15,Florian Grillitsch,26,midfield,Austria,14400000.0
16,Diadié Samassékou,26,midfield,Mali,14400000.0
17,Angelo Stiller,21,midfield,Germany,5400000.0
18,Sebastian Rudy,32,midfield,Germany,2250000.0
19,Dennis Geiger,23,midfield,Germany,9000000.0
20,Marco John,20,midfield,Germany,3600000.0
21,Christoph Baumgartner,22,midfield,Austria,19800000.0
22,Tom Bischof,16,midfield,Germany,675000.0
23,Jacob Bruun Larsen,23,attack,Denmark,5850000.0
24,Robert Skov,25,attack,Denmark,7200000.0
25,Andrej Kramaric,30,attack,Croatia,16200000.0
26,Ihlas Bebou,27,attack,Togo,14400000.0
27,Georginio Rutter,19,attack,France,11700000.0
28,Munas Dabbur,29,attack,Israel,5400000.0
29,Fisnik Asllani,19,attack,Germany,360000.0
0,Kevin Trapp,31,Goalkeeper,Germany,5850000.0
1,Diant Ramaj,20,Goalkeeper,Germany,450000.0
2,Jens Grahl,33,Goalkeeper,Germany,180000.0
3,Jannik Horz,18,Goalkeeper,Germany,180000.0
4,Evan Ndicka,22,Defender,France,25200000.0
5,Tuta,22,Defender,Brazil,9000000.0
6,Martin Hinteregger,29,Defender,Austria,8100000.0
7,Christopher Lenz,27,Defender,Germany,4500000.0
8,Jan Schröder,18,Defender,Germany,180000.0
9,Danny da Costa,28,Defender,Germany,3150000.0
10,Almamy Touré,25,Defender,Mali,2250000.0
11,Erik Durm,29,Defender,Germany,1800000.0
12,Timothy Chandler,32,Defender,United States,1350000.0
13,Kristijan Jakic,24,midfield,Croatia,6750000.0
14,Stefan Ilsanker,32,midfield,Austria,1350000.0
15,Makoto Hasebe,38,midfield,Japan,720000.0
16,Djibril Sow,25,midfield,Switzerland,15750000.0
17,Ajdin Hrustic,25,midfield,Australia,2700000.0
18,Sebastian Rode,31,midfield,Germany,2250000.0
19,Filip Kostic,29,midfield,Serbia,18000000.0
20,Daichi Kamada,25,midfield,Japan,19800000.0
21,Jesper Lindström,22,midfield,Denmark,12600000.0
22,Aymen Barkok,23,midfield,Morocco,1800000.0
23,Gianluca Schäfer,19,attack,Germany,135000.0
24,Jens Petter Hauge,22,attack,Norway,7200000.0
25,Ansgar Knauff,20,attack,Germany,4500000.0
26,Antonio Foti,18,attack,Cyprus,360000.0
27,Rafael Borré,26,attack,Colombia,15300000.0
28,Gonçalo Paciência,27,attack,Portugal,3150000.0
29,Sam Lammers,24,attack,Netherlands,2700000.0
30,Ragnar Ache,23,attack,Germany,1620000.0
31,Enrique Herrero García,17,attack,Spain,270000.0
0,Florian Müller,24,Goalkeeper,Germany,5400000.0
1,Fabian Bredlow,27,Goalkeeper,Germany,450000.0
2,Florian Schock,20,Goalkeeper,Germany,180000.0
3,Konstantinos Mavropanos,24,Defender,Greece,15300000.0
4,Waldemar Anton,25,Defender,Germany,5400000.0
5,Hiroki Ito,22,Defender,Japan,2700000.0
6,Pascal Stenzel,26,Defender,Germany,1350000.0
7,Borna Sosa,24,Defender,Croatia,18000000.0
8,Orel Mangala,24,midfield,Belgium,13500000.0
9,Wataru Endo,29,midfield,Japan,9000000.0
10,Atakan Karazor,25,midfield,Germany,3150000.0
11,Naouirou Ahamada,20,midfield,France,1620000.0
12,Clinton Mola,21,midfield,England,900000.0
13,Enzo Millot,19,midfield,France,1800000.0
14,Nikolas Nartey,22,midfield,Denmark,1620000.0
15,Silas Katompa Mvumpa,23,midfield,DR Congo,13500000.0
16,Roberto Massimo,21,midfield,Germany,2700000.0
17,Erik Thommy,27,midfield,Germany,1620000.0
18,Philipp Förster,27,midfield,Germany,2250000.0
19,Mateo Klimowicz,21,midfield,Germany,1800000.0
20,Lilian Egloff,19,midfield,Germany,900000.0
21,Ömer Beyaz,18,midfield,Turkey,900000.0
22,Daniel Didavi,32,midfield,Germany,630000.0
23,Tanguy Coulibaly,21,attack,France,4050000.0
24,Chris Führich,24,attack,Germany,3600000.0
25,Sasa Kalajdzic,24,attack,Austria,19800000.0
26,Tiago Tomás,19,attack,Portugal,4500000.0
27,Omar Marmoush,23,attack,Egypt,4050000.0
28,Wahid Faghir,18,attack,Denmark,2700000.0
29,Alexis Tibidi,18,attack,France,1080000.0
30,Mohamed Sankoh,18,attack,Netherlands,900000.0
0,Mark Flekken,28,Goalkeeper,Netherlands,4950000.0
1,Noah Atubolu,19,Goalkeeper,Germany,1350000.0
2,Benjamin Uphoff,28,Goalkeeper,Germany,450000.0
3,Nico Schlotterbeck,22,Defender,Germany,25200000.0
4,Philipp Lienhart,25,Defender,Austria,15300000.0
5,Keven Schlotterbeck,24,Defender,Germany,3150000.0
6,Manuel Gulde,31,Defender,Germany,1800000.0
7,Kiliann Sildillia,19,Defender,France,1350000.0
8,Christian Günter,29,Defender,Germany,10800000.0
9,Kimberly Ezekwem,20,Defender,Germany,270000.0
10,Hugo Siquet,19,Defender,Belgium,6300000.0
11,Lukas Kübler,29,Defender,Germany,1800000.0
12,Jonathan Schmid,31,Defender,France,1350000.0
13,Yannik Keitel,22,midfield,Germany,3600000.0
14,Nicolas Höfler,32,midfield,Germany,2250000.0
15,Maximilian Eggestein,25,midfield,Germany,6750000.0
16,Janik Haberer,28,midfield,Germany,3600000.0
17,Vincenzo Grifo,28,attack,Italy,10800000.0
18,Noah Weißhaupt,20,attack,Germany,1170000.0
19,Roland Sallai,24,attack,Hungary,9000000.0
20,Kevin Schade,20,attack,Germany,6300000.0
21,Woo-yeong Jeong,22,attack,"Korea, South",4950000.0
22,Ermedin Demirovic,24,attack,Bosnia-Herzegovina,6750000.0
23,Lucas Höler,27,attack,Germany,5850000.0
24,Nils Petersen,33,attack,Germany,1620000.0
25,Nishan Burkart,22,attack,Switzerland,315000.0
26,Vincent Vermeij,27,attack,Netherlands,293000.0
0,Robin Zentner,27,Goalkeeper,Germany,4500000.0
1,Finn Dahmen,24,Goalkeeper,Germany,1800000.0
2,Lasse Rieß,20,Goalkeeper,Germany,180000.0
3,Moussa Niakhaté,26,Defender,France,16200000.0
4,Jeremiah St. Juste,25,Defender,Netherlands,14400000.0
5,David Nemeth,21,Defender,Austria,2700000.0
6,Stefan Bell,30,Defender,Germany,2250000.0
7,Alexander Hack,28,Defender,Germany,2250000.0
8,Aarón Martín,24,Defender,Spain,4500000.0
9,Anderson Lucoqui,24,Defender,Angola,2250000.0
10,Silvan Widmer,29,Defender,Switzerland,4500000.0
11,Daniel Brosinski,33,Defender,Germany,540000.0
12,Anton Stach,23,midfield,Germany,7200000.0
13,Niklas Tauer,21,midfield,Germany,900000.0
14,Leandro Barreiro,22,midfield,Luxembourg,8100000.0
15,Dominik Kohr,28,midfield,Germany,5400000.0
16,Merveille Papela,21,midfield,Germany,360000.0
17,Jean-Paul Boëtius,28,midfield,Netherlands,3600000.0
18,Jae-sung Lee,29,midfield,"Korea, South",3150000.0
19,Kevin Stöger,28,midfield,Austria,2069999.9999999998
20,Delano Burgzorg,23,attack,Netherlands,675000.0
21,Paul Nebel,19,attack,Germany,1170000.0
22,Jonathan Burkardt,21,attack,Germany,15300000.0
23,Karim Onisiwo,30,attack,Austria,3150000.0
24,Marcus Ingvartsen,26,attack,Denmark,2700000.0
0,Rafal Gikiewicz,34,Goalkeeper,Poland,1350000.0
1,Tomas Koubek,29,Goalkeeper,Czech Republic,1080000.0
2,Daniel Klein,21,Goalkeeper,Germany,180000.0
3,Felix Uduokhai,24,Defender,Germany,10800000.0
4,Reece Oxford,23,Defender,England,9000000.0
5,Jeffrey Gouweleeuw,30,Defender,Netherlands,4050000.0
6,Frederik Winther,21,Defender,Denmark,900000.0
7,Iago,25,Defender,Brazil,4050000.0
8,Mads Pedersen,25,Defender,Denmark,1350000.0
9,Robert Gumny,23,Defender,Poland,2250000.0
10,Raphael Framberger,26,Defender,Germany,1620000.0
11,Niklas Dorsch,24,midfield,Germany,9000000.0
12,Carlos Gruezo,26,midfield,Ecuador,2880000.0
13,Tobias Strobl,31,midfield,Germany,900000.0
14,Arne Maier,23,midfield,Germany,4500000.0
15,Jan Moravek,32,midfield,Czech Republic,450000.0
16,Tim Civeja,20,midfield,Germany,180000.0
17,Fredrik Jensen,24,midfield,Finland,1800000.0
18,Rubén Vargas,23,attack,Switzerland,8100000.0
19,Lasse Günther,19,attack,Germany,900000.0
20,André Hahn,31,attack,Germany,1980000.0
21,Daniel Caligiuri,34,attack,Italy,1350000.0
22,Noah Joel Sarenren Bazee,25,attack,Germany,900000.0
23,Ricardo Pepi,19,attack,United States,9000000.0
24,Michael Gregoritsch,27,attack,Austria,3150000.0
25,Florian Niederlechner,31,attack,Germany,2700000.0
26,Andi Zeqiri,22,attack,Switzerland,2700000.0
27,Alfred Finnbogason,33,attack,Iceland,900000.0
0,Alexander Schwolow,29,Goalkeeper,Germany,3150000.0
1,Oliver Christensen,23,Goalkeeper,Denmark,1350000.0
2,Rune Jarstein,37,Goalkeeper,Norway,360000.0
3,Marcel Lotka,20,Goalkeeper,Poland,360000.0
4,Nils-Jonathan Körber,25,Goalkeeper,Germany,270000.0
5,Niklas Stark,26,Defender,Germany,6750000.0
6,Marc Oliver Kempf,27,Defender,Germany,4950000.0
7,Márton Dárdai,20,Defender,Germany,4500000.0
8,Dedryck Boyata,31,Defender,Belgium,3150000.0
9,Linus Gechter,18,Defender,Germany,3150000.0
10,Maximilian Mittelstädt,25,Defender,Germany,4050000.0
11,Fredrik André Björkan,23,Defender,Norway,2250000.0
12,Marvin Plattenhardt,30,Defender,Germany,1800000.0
13,Lukas Klünter,25,Defender,Germany,1620000.0
14,Peter Pekarik,35,Defender,Slovakia,720000.0
15,Lucas Tousart,24,midfield,France,7200000.0
16,Santiago Ascacíbar,25,midfield,Argentina,6750000.0
17,Suat Serdar,24,midfield,Germany,8100000.0
18,Jurgen Ekkelenkamp,22,midfield,Netherlands,3150000.0
19,Vladimir Darida,31,midfield,Czech Republic,2880000.0
20,Jonas Michelbrink,20,midfield,Germany,450000.0
21,Kevin-Prince Boateng,35,midfield,Ghana,810000.0
22,Myziane Maolida,23,attack,France,4050000.0
23,Anton Kade,18,attack,Germany,450000.0
24,Marco Richter,24,attack,Germany,6300000.0
25,Kelian Nsona,19,attack,France,1080000.0
26,Dong-jun Lee,25,attack,"Korea, South",1080000.0
27,Stevan Jovetic,32,attack,Montenegro,2700000.0
28,Davie Selke,27,attack,Germany,1620000.0
29,Ishak Belfodil,30,attack,Algeria,1530000.0
30,Ruwen Werthmüller,21,attack,Switzerland,113000.0
0,Marvin Schwäbe,26,Goalkeeper,Germany,2700000.0
1,Timo Horn,28,Goalkeeper,Germany,2520000.0
2,Jonas Urbig,18,Goalkeeper,Germany,270000.0
3,Matthias Köbbing,24,Goalkeeper,Germany,23000.0
4,Luca Kilian,22,Defender,Germany,3600000.0
5,Timo Hübers,25,Defender,Germany,2700000.0
6,Julian Chabot,24,Defender,Germany,2520000.0
7,Bright Arrey-Mbi,19,Defender,Germany,1170000.0
8,Jonas Hector,31,Defender,Germany,3600000.0
9,Jannes Horn,25,Defender,Germany,2700000.0
10,Benno Schmitz,27,Defender,Germany,2250000.0
11,Kingsley Ehizibue,26,Defender,Nigeria,1170000.0
12,Ellyes Skhiri,26,midfield,Tunisia,11700000.0
13,Dejan Ljubicic,24,midfield,Austria,5400000.0
14,Salih Özcan,24,midfield,Turkey,6300000.0
15,Niklas Hauptmann,25,midfield,Germany,450000.0
16,Mathias Olesen,21,midfield,Luxembourg,180000.0
17,Ondrej Duda,27,midfield,Slovakia,4500000.0
18,Louis Schaub,27,midfield,Austria,1620000.0
19,Tomas Ostrak,22,midfield,Czech Republic,675000.0
20,Florian Kainz,29,attack,Austria,3150000.0
21,Marvin Obuz,20,attack,Germany,270000.0
22,Jan Thielmann,19,attack,Germany,4950000.0
23,Tim Lemperle,20,attack,Germany,900000.0
24,Kingsley Schindler,28,attack,Germany,720000.0
25,Mark Uth,30,attack,Germany,2700000.0
26,Sebastian Andersson,30,attack,Sweden,2700000.0
27,Anthony Modeste,33,attack,France,2700000.0
0,Frederik Rönnow,29,Goalkeeper,Denmark,1800000.0
1,Andreas Luthe,35,Goalkeeper,Germany,810000.0
2,Jakob Busk,28,Goalkeeper,Denmark,225000.0
3,Robin Knoche,29,Defender,Germany,5400000.0
4,Timo Baumgartl,26,Defender,Germany,4500000.0
5,Paul Jaeckel,23,Defender,Germany,3150000.0
6,Dominique Heintz,28,Defender,Germany,2700000.0
7,Mathis Bruns,18,Defender,Germany,180000.0
8,Niko Gießelmann,30,Defender,Germany,2069999.9999999998
9,Bastian Oczipka,33,Defender,Germany,540000.0
10,Julian Ryerson,24,Defender,Norway,3600000.0
11,Christopher Trimmel,35,Defender,Austria,900000.0
12,Rani Khedira,28,midfield,Germany,4950000.0
13,Grischa Prömel,27,midfield,Germany,4950000.0
14,Kevin Möhwald,28,midfield,Germany,1800000.0
15,Levin Öztunali,26,midfield,Germany,1620000.0
16,András Schäfer,22,midfield,Hungary,1440000.0
17,Maximilian Somnitz,18,midfield,Germany,180000.0
18,Genki Haraguchi,30,midfield,Japan,2700000.0
19,Laurenz Dehl,20,midfield,Germany,225000.0
20,Keita Endo,24,attack,Japan,900000.0
21,Sheraldo Becker,27,attack,Suriname,3600000.0
22,Taiwo Awoniyi,24,attack,Nigeria,13500000.0
23,Andreas Voglsammer,30,attack,Germany,1080000.0
24,Sven Michel,31,attack,Germany,1080000.0
25,Kevin Behrens,31,attack,Germany,900000.0
26,Anthony Ujah,31,attack,Nigeria,540000.0
27,Suleiman Abdullahi,25,attack,Nigeria,360000.0
0,Stefan Ortega,29,Goalkeeper,Germany,5400000.0
1,Stefanos Kapino,28,Goalkeeper,Greece,630000.0
2,Arne Schulz,19,Goalkeeper,Germany,90000.0
3,Amos Pieper,24,Defender,Germany,6300000.0
4,Joakim Nilsson,28,Defender,Sweden,3150000.0
5,Guilherme Ramos,24,Defender,Portugal,1800000.0
6,Andrés Andrade,23,Defender,Panama,1800000.0
7,George Bello,20,Defender,United States,3600000.0
8,Jacob Barrett Laursen,27,Defender,Denmark,1530000.0
9,Cédric Brunner,28,Defender,Switzerland,2880000.0
10,Nathan de Medina,24,Defender,Belgium,675000.0
11,Manuel Prietl,30,midfield,Austria,1620000.0
12,Fabian Kunze,23,midfield,Germany,900000.0
13,Alessandro Schöpf,28,midfield,Austria,2250000.0
14,Burak Ince,18,midfield,Turkey,2250000.0
15,Sebastian Vasiliadis,24,midfield,Greece,1800000.0
16,Gonzalo Castro,34,midfield,Germany,810000.0
17,Masaya Okugawa,25,midfield,Japan,4500000.0
18,Vladislav Cherny,18,midfield,Russia,90000.0
19,Robin Hack,23,attack,Germany,2069999.9999999998
20,Patrick Wimmer,20,attack,Austria,7200000.0
21,Bryan Lasme,23,attack,France,1620000.0
22,Florian Krüger,23,attack,Germany,2250000.0
23,Janni Serra,24,attack,Germany,1620000.0
24,Fabian Klos,34,attack,Germany,360000.0
0,Manuel Riemann,33,Goalkeeper,Germany,900000.0
1,Michael Esser,34,Goalkeeper,Germany,450000.0
2,Tjark Ernst,19,Goalkeeper,Germany,180000.0
3,Paul Grave,20,Goalkeeper,Germany,90000.0
4,Armel Bella Kotchap,20,Defender,Germany,6750000.0
5,Maxim Leitsch,23,Defender,Germany,4500000.0
6,Erhan Masovic,23,Defender,Serbia,2250000.0
7,Vasilios Lampropoulos,32,Defender,Greece,630000.0
8,Saulo Decarli,30,Defender,Switzerland,270000.0
9,Danilo Soares,30,Defender,Brazil,1800000.0
10,Konstantinos Stafylidis,28,Defender,Greece,1620000.0
11,Moritz Römling,20,Defender,Germany,180000.0
12,Herbert Bockhorn,27,Defender,Germany,675000.0
13,Cristian Gamboa,32,Defender,Costa Rica,630000.0
14,Anthony Losilla,36,midfield,France,450000.0
15,Elvis Rexhbecaj,24,midfield,Germany,3600000.0
16,Eduard Löwen,25,midfield,Germany,2700000.0
17,Patrick Osterhage,22,midfield,Germany,810000.0
18,Robert Tesche,34,midfield,Germany,315000.0
19,Milos Pantovic,25,midfield,Serbia,1530000.0
20,Gerrit Holtmann,27,attack,Philippines,4050000.0
21,Christopher Antwi-Adjei,28,attack,Ghana,900000.0
22,Danny Blum,31,attack,Germany,810000.0
23,Takuma Asano,27,attack,Japan,2250000.0
24,Tarsis Bonga,25,attack,Germany,270000.0
25,Tom Weilandt,29,attack,Germany,225000.0
26,Jürgen Locadia,28,attack,Netherlands,2700000.0
27,Simon Zoller,30,attack,Germany,1620000.0
28,Sebastian Polter,31,attack,Germany,1350000.0
29,Luis Hartwig,19,attack,Germany,180000.0
0,Andreas Linde,28,Goalkeeper,Sweden,720000.0
1,Sascha Burchert,32,Goalkeeper,Germany,405000.0
2,Marius Funk,26,Goalkeeper,Germany,270000.0
3,Leon Schaffran,23,Goalkeeper,Germany,113000.0
4,Lasse Schulz,19,Goalkeeper,Finland,113000.0
5,Maximilian Bauer,22,Defender,Germany,1800000.0
6,Nick Viergever,32,Defender,Netherlands,900000.0
7,Gideon Jung,27,Defender,Germany,630000.0
8,Abdourahmane Barry,22,Defender,France,270000.0
9,Oliver Fobassam,19,Defender,Germany,9.0
10,Jetro Willems,28,Defender,Netherlands,1350000.0
11,Luca Itter,23,Defender,Germany,1170000.0
12,Marco Meyerhöfer,26,Defender,Germany,1980000.0
13,Simon Asta,21,Defender,Germany,540000.0
14,Max Christiansen,25,midfield,Germany,1350000.0
15,Sebastian Griesbeck,31,midfield,Germany,720000.0
16,Paul Seguin,27,midfield,Germany,1980000.0
17,Julian Green,26,midfield,United States,1080000.0
18,Tobias Raschl,22,midfield,Germany,540000.0
19,Timothy Tillman,23,midfield,Germany,1620000.0
20,Jeremy Dudziak,26,midfield,Tunisia,1620000.0
21,Jamie Leweling,21,attack,Germany,4050000.0
22,Branimir Hrgota,29,attack,Sweden,1800000.0
23,Afimico Pululu,23,attack,Angola,1350000.0
24,Havard Nielsen,28,attack,Norway,1080000.0
25,Jessic Ngankam,21,attack,Germany,1080000.0
26,Dickson Abiama,23,attack,Nigeria,810000.0
27,Robin Kehr,22,attack,Germany,135000.0
